Source_id,Sentence_en
1,It also helps in troubleshooting Eclipse program.
2,"We also have the spirit of faith, as it is written, And these things say they of faith."
3,Then it will automatically search for the driver. I will click on Cancel.
4,"For all iterations, the iterator is set to the index value of each. 1.1 then 1,2 is equal to..."
5,"And when he had opened the second seal, I heard the voice of the second living creature, saying, Come."
6,We have learnt that objects are stored in their respective position fields.
7,Boy has faith in you all.
8,"Observing nature, you may be amazed."
9,"And his affection abounds in you, when he remembereth how ye disobeyed him, and received him with fear and trembling."
10,"""During the rainy season, a portion of the water becomes dry and enters the soil. It gathers together and becomes ground water."""
11,They will see the book.
12,Grandfather came from the library.
13,"Go back to the upper limit and from 0 to 9 in the tab, click on 7."
14,The align and distribute dialog box opens on the right side of the interface.
15,Click on the line number to set the breakpoint.
16,Here we have done exactly what we did for Borrowed Books.
17,"""Classical period is defined by the Yoga Sutra of Patanjali, the first systematic presentation of Yoga."""
18,They all fell.
19,"Apache, MySQL and PHP obtained through XAMPP 5.5.19,"
20,"Here, we can give a proper heading to our document."
21,The army follows them.
22,1. Which cells are found?
23,"In the launcher, we can add a shortcut."
24,The height of the shed should be such that it is not too small to store and the village cannot eat.
25,"Various modern materials are also used in the manufacture of various objects such as paper machine, refrigerator, telephone, television etc."
26,You can also control some insects and other insects.
27,Everyone should be ready for marriage.
28,Boy displays affection in you.
29,"""For thou knowest that all that are in Asia have forsaken me: among them are Phugelus and Hermogenes."""
30,"For this tutorial, I am using the title of Indian Journal of Microbiology."
31,"Publisher, Collection title,"
32,The second step is to place the legs together in pairs.
33,I select the shortcut Brush and de-select the Gradient and select my preferred colours.
34,Then we will forward it to the successUser page.
35,Plants and plants grow by other rules.
36,"""Therefore ye are no longer strangers and strangers, but fellow citizens with the saints and citizens of God."""
37,The tribal dances are usually performed in groups and wears special costumes on this occasion.
38,"""There is therefore no difference between Jew and Greek: for there is one Lord of all, and he is to all."""
39,"So, to avoid these problems, remove any harmful plants in your garden."
40,"To delete Basket (Order),"
41,Dishes with moisture - idli.
42,"Then, aroused by the war of Shurpanaka, Rama killed the three soldiers who had come to fight."
43,"With this, we come to the end of the lesson."
44,These are methods and constructors.
45,Pandavas also chanted conch.
46,"To read the data in the file e.g. fp = fopen(Sample.txt, r);"
47,"For details, please write to contact@spoken-tutorial.org."
48,"Now, type the password for Moodle Administrator. Follow the password guidelines shown here."
49,"When it is extracted, I will rename the FrontAccounting file as account."
50,And all the Gentiles and the children of Israel sat in the assembly.
51,Welcome to Meet the GIMP.
52,It should be declared before using a variable.
53,Let us see the number of iterations of jdk.
54,"As we can see, Course Category is Mathematics."
55,"Now, let us see how to create a simple Java web project using NetBeans IDE."
56,"Yes, this is the death of Acharya Drona."
57,We are here.
58,"But for the sake of convenience, I will fill only duck for Full Name and leave the rest of the details blank by pressing Enter."
59,Sit or stand in a comfortable position.
60,"While they were on the way, the people spread their clothes on the ground."
61,"In the perspective, type INKSCAPE."
62,Type u and press Enter.
63,"Next, let us work through the for loop."
64,See you next week. See you again.
65,Also clean the place where cows and goats are kept and other food items.
66,Covered with a blanket.
67,"If you do not have good bandwidth, download it and watch it."
68,Use double needle and join one stitch with the other to make the stitches stronger.
69,The back of the left arm should be in contact with the spine and the right arm should be opposite to the spine.
70,Rename the layer to CD template.
71,Treats various waterborne diseases.
72,The enemy is covering.
73,Right-click on the Databases node in the Services window.
74,Here the error occurs.
75,We will stay here.
76,"On the eighth day they came to circumcise the boy, and to name him after his father, Zacharias."
77,"So, the controller goes to displayMessage."
78,We can now add it inside the document.
79,The woman is decorating.
80,Is it necessary to read Geeta today?
81,"While there was no success there, some metal of gold diamond was successfully manufactured."
82,"""Stand the knees on the ground, pull inside the abdomen and sit back while resting on the heels while tilting the buttocks."""
83,We will then call the removeFromCheckout method.
84,The child will receive a suit.
85,"""Nevertheless in the Lord man is without woman, and woman is not without man."""
86,Know how to make a list of sewing tools and specifications by hand.
87,4. The leaves are usually green to make the plants eat.
88,"To get out of her belly button, I just click."
89,We were making a rectangle.
90,Knowledge of Sita in Hanumatha Lanka.
91,"In this brief tutorial, we have learnt about subclassification and method overriding."
92,"""There was a certain man named Demetrius, who made a temple of Artemis in silver, and made a profit for all his workmen."""
93,This tutorial is designed to teach the nutritional and health benefits of various types of cooking and socially useful foods.
94,"Now, let us learn how to install software using Synaptic Package Manager."
95,They can be single cell or multicellular.
96,Click on the View this Journal Entry link.
97,Who is the spider?
98,She listens.
99,"For example, [abc] is a regular expression, a or b or c."
100,"They also had access to water for drinking, cooking, washing clothes and other activities."
101,"Which none of the rulers of this age hath known; lest, when they had known it, they should not crucify the glorious Lord."
102,"As we can see, we are also using food to express nature."
103,Then he sent them away from the synagogue.
104,"""He answered them, He that hath made me well said unto me, Take up thy bed, and walk."""
105,Go to the place where the logo is saved.
106,"Sitting postures are Siddhasana, Goma Sukasana, Ardhamasayandra and Myurasana."
107,These are asanas.
108,Krishna is omniscient.
109,Monkey throws fruit.
110,Who are the warriors?
111,Click on the arrange at the bottom right.
112,They motivate the senses.
113,This was the third time that Jesus appeared to his disciples after he was raised from the dead.
114,There are many rooms in this house.
115,"Now, let us add Service tax. Before that, we have to create a GL Account for Service tax."
116,"In the old tutorial, we learnt a bit about bookmarks."
117,Now press Enter. Type dot slash if1 to execute and press Enter.
118,Let us learn about the input/output functions and the Time-stamp functions.
119,"Next, we will parse id to book_id as Integer."
120,"""But in the days when the seventh angel shall sound his trumpet, the mystery of God shall be fulfilled, as he spake unto his servants the prophets."""
121,"But to redirect the error stream, you have to use 2 right angle brackets or 2 double right angle brackets."
122,Now we can see their names in the user id space.
123,Vishvatam is a triune spirit.
124,But we can send a lot of names to 500 people a day.
125,"This class should have variables representing the following details: Name service area,"
126,You two are lovers.
127,Who was Marich?
128,Save and Run the system. We can see that the value is zero.
129,"In the sub-field a, Classification number, type 660.62."
130,"Now, let us look at some common errors."
131,It improves blood circulation throughout the body.
132,What is an index sequence test in any multidimensional array?
133,Draw a circle of pink and a circle of black.
134,Error dialog box and Shortcut keys.
135,Let's come here. Let me delete this and now I will add a figure.
136,You must have heard the name of D.D.T.
137,Here we can see that all the write permissions have been removed.
138,Read the License Agreement carefully.
139,It contains the required packages for preparing LaTeX's primary documents on Windows and TeXworks is the default editor for MikTeX.
140,We can see block diagrams without mathematical expressions.
141,We both must speak.
142,The Internet connection should be straightforward.
143,And the program will not be over.
144,"""Using a brush to lower the legs, raise the knees on the knees."""
145,This simple line is the foundation of your drawings.
146,Krishna makes the chariot stand.
147,This is explained in the Spoken Tutorial that I have created on creating equations.
148,The Spoken Tutorial project is part of the Talk to a Teacher project.
149,Koha automatically selects the Spoken Tutorial Library.
150,"""Then all that were in the council gazed intently at him, and saw his face as the face of an angel."""
151,Go to the browser and open your Moodle site.
152,You can type in the title of your journal.
153,And these keys are used in other selection tools.
154,More information on this mission is available at the following link.
155,"However, do not use Internet Explorer as it does not display properly."
156,"In the prompt, type the date space plus percentage symbol as small as h and press Enter."
157,"In this tutorial, we will learn about the interface."
158,Name the simplest and most subtle organism on earth.
159,Move the fingers backwards.
160,"""Father, glorify thy name: and I will glorify it, and will glorify it again."""
161,"Some common leaves used in food settings include platinum leaves, bastard leaves, rhinestone leaves, caltropis leaves, caster leaves, sea milk leaves, lotus leaves, pencil leaves, stereo leaves, etc."
162,"""In those days men shall seek death, and shall not find it: they shall seek their souls, and death shall flee from them."""
163,I thought.
164,ENVIRON- Shell environment variables and their array of values.
165,We have placed this part outside. There is someone sitting there.
166,It has a GUI for using apt-get command line.
167,Keep the knees about 10 inches apart. Keep the hands in between the knees.
168,Let us see what is in the Awkdemo.txt file.
169,"""Then they said, Behold, it is done unto them: and the second thing cometh forth, that the word might be established."""
170,explain the meaning of folk dance
171,So I can drag the black point to this.
172,"From the HIV genomic sequence, extract the gene ""HIV1gp3"" at locations 4587 to 5165."
173,"""Then Jesus told them plainly, Lazarus is dead."""
174,"For every one that doeth evil seeeth his works, and cometh not into the light, but cometh near unto the light."
175,"Now, let us see how to execute the system."
176,Now click OK and close the dialog box.
177,It summarizes the Spoken Tutorial project.
178,"Next, I select Step Over. The imported value in the constructor is set to 10."
179,Read the meditation shlokas.
180,Today you are cooking at home.
181,Welcome to the spoken tutorial on grep command.
182,"Next, under Description, we will see 2 fields named Course Summary and Course Summary files."
183,It is a people ship.
184,"The includegraphics, color package uses this. To keep this requirement in mind, we have to make a statement to LaTeX."
185,"Now, we will use the cout statement instead of the printf statement because we will use the cout<< function to print lines in C++."
186,"3. Gallavitas are found in the stomach, stomach and intestines."
187,List the traditional remedies used by water purifiers.
188,"So, I select the divider and fix the errors."
189,"""Here, interdisciplinary studies, movement of planets, calculation of eclipses, calculation of calories, etc. are discussed in detail."""
190,"So, while doing this practice, your breath rate should be 30 to 35 breaths per minute."
191,"Spoken Tutorial Project is a part of Talk to a Teacher project supported by the National Mission on Education through ICT, MHRD, Government of India."
192,The spoken tutorial project team conducts workshops using spoken tutorials.
193,"""Never so, but he hath given the gift: for it is said, God is against them that exalt the Spirit: but unto him that is rich he giveth the gift."""
194,Satva is one who is the supreme source of courage.
195,Bend the right arm slowly to the right until reaching the right leg.
196,The teacher calls the children.
197,There are two types of cleaning of the outer parts of body.
198,"""And they were filled with wrath, and laid hold on the apostles, and bound them in the lowest prison."""
199,"So, I create a new layer and name it white and then I select White in the Layer Fill Type and immediately I decrease the opacity value so that we can see through the image."
200,"""Avatam: One who is in His Majesty."""
201,Some tribal dances of India can be described with examples.
202,Now add the using statement.
203,Enough is enough.
204,There should be enough room to play this game.
205,"""Take heed, therefore, how ye hear: for unto every one shall be given what he hath, and to this shall not be given what he hath."""
206,Why? We have not initialized the values of the variables.
207,Now double-click on ctrl and z keys and disable this function.
208,Click on the Selector tool.
209,I will give this stuff.
210,"""As you inhale, your stomach exits and as you exhale, the stomach sinks."""
211,Now we will invoke the Show Data method to print the details of the registration.
212,Click on the View menu and select the Properties option.
213,This tutorial is recorded using the Maximum Resolution for proper use of the tools.
214,It calculates the Total 4000 and Actual cost by itself as 0.00.
215,Using and setting guidelines
216,The Provision field is used by a Sales Person.
217,"""The disciples answered and said unto him, Where shall we get bread to feed the dead in this wilderness?"""
218,Boy has friendship in that.
219,The window shown is a Videos application.
220,"""As it is written in Hosea, The people which was not mine, I will call my own; and the people which I loved, I will call my beloved."""
221,"From the Ubuntu database, you can install KTouch."
222,Boy believes in these.
223,I will select 15 days(s) for Grace period.
224,"""I know thy works, and thy afflictions, and thy nakedness: how that thou art rich, and the reproach of them that call themselves Jews, and are not Jews, and are not a synagogue of Satan."""
225,Lord Krishna says in the Gita:
226,It is a physical exercise in which a person runs at a single pace.
227,Indicate which of the following phrases is pure or not.
228,"""But whatsoever cometh out of the heart, those things proceed out of the heart, and defile the man."""
229,"In the prompt, type the date space plus percentage symbol, greater than T and press Enter."
230,"""The king summoned some Brahmins and said, My mother's last wish was to offer pomegranates to the Brahmins,"""
231,And the whole mountain was left in the wilderness.
232,Do you all know Geeta?
233,The next setting is Hidden sections. These are secret topics for students in the course.
234,Those two are virgins.
235,The first step here is General Ledger Account Classes.
236,"Now he has reconciled you, who once were far off from him, by the death of his flesh, in the works of the wicked."
237,"However, this is not the case with demons."
238,"Greet Tryphena and Tryphosa, who have worked hard in the Lord. Greet my dear Priscilla, who has worked hard in the Lord."
239,"It is a relaxing, continuous and peaceful exercise."
240,Most human actions are in harmony with nature and their impact on nature is not negative.
241,There should be no overwhelming movement and it can disturb the body and spine.
242,Product of 5 and 2 is 10.00
243,Son - What is going on between them?
244,"So, when we open it, we see maths.pdf_t in the emacs editor."
245,Feel the movement in all parts of the body.
246,"Hear, O house of Israel, the Lord our God is one."
247,"""There are also many mantras in Vedic texts such as Rigveda, Yajurveda, Maitrai, Samhita, Ghoussoukatam, Memory, Dharmasutra, Cow etc."""
248,Click twice to see the contents of the folder.
249,Look at two square handles and two circle handles or arch handles.
250,"When the food is placed on the upper table, it is called a buffet."
251,"""To the apostles and elders, and brethren of the Gentiles in Antioch and Syria and Cilicia:"""
252,These are two armies.
253,"However, for security reasons, it should not be direct access on the web."
254,"""Then Paul called one of the centurions, and said unto him, I have a young man to tell thee; therefore take him."""
255,"If I always forget something new, then I do it."
256,Google Calendar.... and so on.
257,"""And when the fire was kindled, all the people stood outside praying."""
258,Then click on Koha Administration.
259,Smell of breath.
260,"""For this reason I wrote unto you, that I might know whether ye obey in all things."""
261,A new page opens.
262,"And in Linux, it is also mandatory to use the terminal, text editor, synaptic cache manager."
263,"For example, in a two-dimensional array, an element is identified by two index sequences."
264,They are in a Sanskrit household.
265,Save the image as a .cml file.
266,Type 4.
267,Some people build objects in a small area of the house with the necessary tools.
268,It increases concentration and calms down the mind.
269,"In the practice of bhramari, use na-kara and not ma-kara."
270,"By faith they conquered kingdoms, exercised righteousness, received what was promised, shut up the mouths of lions,"
271,"""Then his disciples came to him, and said unto him, What parables do ye speak unto them?"""
272,Add the number 2 before the name.
273,We have to open the terminal.
274,"Now, we will try to delete and type the slash to remove the asterisk."
275,"""Food distribution India is a country of unity in diversity. India has diversity in languages, geographies, climates, religions and cultures. In this way, food is also diverse."""
276,You can see that this does not solve the curve pattern.
277,Now click on the newly uploaded file.
278,"Then came some Jews from Antioch and Iconium, and persuaded the people, and stoned Paul, and dragged him out of the city, knowing that he was dead."
279,"As a result, some of the images look good."
280,This tutorial explains how to create a simple web application.
281,"But I can change that by changing the color. To do so, I have the shortcut key X and I will make it a bit darker here."
282,But non-static blocks cannot be parameterized.
283,It can start with the main method.
284,I am using Firefox web browser and active internet.
285,Let us see the action of the code.
286,"""1. Seeds are harvested in such a way that they get adequate water, oxygen and heat."""
287,"""Then came the servants of the owner of the house, and said unto him, Sir, did thou not sow good seed in thy field? didst thou not come to reap?"""
288,Skills of Hand-Sewing
289,"""After John was put in prison, Jesus came into Galilee, preaching the gospel of God,"""
290,Now let us see how the code works. Save and run.
291,"In the menu items, go to the applications and the Programming and Netbeans IDE icon."
292,"""That thou mayest receive a blessing from them, that thou mayest be rewarded in the resurrection of the righteous."""
293,And I will show you the code for this.
294,Rama conquers Ayodhya.
295,"There he found a man named Aeneas, who had been paralyzed for many years, lying in bed."
296,Then we iterate by the result set.
297,The output shows the number of alignments in the dna2 sequence.
298,"GIMP uses a number of smaller windows, like Windows and Macintosh programs."
299,Food is the essence of any food which we eat or drink and which supplies nutrition to our body.
300,Let us go back to the place where we want to put the box.
301,"And when he asketh bread, he giveth him a stone; and when he asketh fish, he giveth him a serpent."
302,"At the same time, make a tight fist forwards with the palms."
303,"Now, let us learn how to give a stroke or outline to an object. First, we should use the Stroke paint tab."
304,Bharata went to Rama of Mahatma and prayed with great fervor.
305,Scroll down and click on Save and display button at the bottom of the page.
306,"Right-click on Open. From the context menu, select Events, Action, Action Performed."
307,"""And when the evening was come, he was with the twelve."""
308,Today cows are worshipped.
309,"""For all the blood of the prophets from the foundation of the world shall be laid on this generation: verily I say unto you, That it shall be laid on it."""
310,"""Who art thou, O servant, to judge a servant? whether he shall be honoured above his master, or whether he shall be honoured above him: for God is able to honour him."""
311,And close the document.
312,"""Garuvar Bhavan said, 'If the sun is a star, then why is it not visible at night? Why do the stars shine at night?' Raja asked."""
313,Then we will call incrementAvailableCopies.
314,Now switch to 310 CURRENT PUBLICATION FREQUENCY.
315,There are mosses around the mountain.
316,Each worker has to dig through the soil and get the air flow to work properly.
317,Start by gazing at both the fingers.
318,"""And there arose a dispute among them, which of them should be considered greater."""
319,"Keep the hands slightly apart from the cheeks, palms up."
320,The snake enters the forest.
321,"""For my soul is ready to depart, and the hour of my departure is come."""
322,Those are collars.
323,"The breathing process of the abdomen, chest and buttocks is called Complete Joint Breathing."
324,"In this way, we can see objects on all four sides of our body."
325,Now we are at the Welcome page.
326,I will go to the Sanskrit camp to study Sanskrit.
327,Right-click on the Exit menu item.
328,"Lesson, e.g. A Lesson b (a < b)"
329,We will learn about other options in the align and distribute dialog box in the following tutorials.
330,This output comes with the help of a++.
331,It executes the internal statement until the condition is true. It is then incremented and the loop is repeated.
332,"Now, it is known that both the objects are selected."
333,"Therefore, milk should not be used for cooking."
334,Add the final keyword to the name variable. We have now changed the variable name to final.
335,"Now I have all the brushes in my brush section. So, I close the Archive Manager and close the file here and come back to the GIMP."
336,"This command gives us the number of blank lines because every time we see a blank line, x is incremented and printed."
337,He taught all the war techniques.
338,"Now, let us define the showDetails method. Then type: public void showDetails()."
339,Click on Add stop to add another color between them.
340,"""But when thou givest, know not what thy right hand doeth, but what thy left hand doeth."""
341,"And having a high priest over the house of God,"
342,We have learnt that a member of a class can be formed by combining variables and methods.
343,We should also protect the rich from thieves and violent people.
344,"For example, we will place it in the center environment."
345,Sky (space)
346,The boys heard the story.
347,Then he sent Jesus to Herod the tetrarch.
348,"""And in those cities heal the sick, and preach the kingdom of God unto you."""
349,"I will type Patel, Arvind H."
350,This dance is performed in the month of October-November to showcase the abundance of animals.
351,I will leave the Shipping cost blank.
352,We have already deleted the processRequest.
353,This will open the dry-time quiz on the given date.
354,"Now, let us use the Greater dial operator."
355,You are Vindi.
356,"Lastly, click on Save changes button and then on Done button."
357,Click on the Units drop-down list. We can change it as per our requirement.
358,"When logged in, the details of the number of people will be stored in the blocks."
359,"""He was shocked to see where he lived, it was very dirty."""
360,Soldiers die on the battlefield.
361,It is very useful in improving vision.
362,There are a thousand kinds of living things on earth.
363,Click on the drop-down list of the blind mode. Here are five options.
364,Do not select any other options.
365,"And the second reason is the soil, because we have to give water according to the soil. If there is rain area then we have to give less water and if there is no rain area then we have to give more water."
366,"If the body were only one member, where would the body be?"
367,Type return 0; and close the curly bracket.
368,Divide the following categories of animals:
369,Mother cooks a variety of dishes every day and on festivals which we can enjoy by eating.
370,The Spoken Tutorial project is a component of Talk to a Teacher.
371,"Now, in Terminal, type:"
372,"To optimize, from the toolbar, select Auto Optimization Tool."
373,These options are disabled for flood text.
374,"""Three days later Paul called together the chief rulers of the Jews, and when they were assembled, he said unto them, Brethren, though I had done nothing against the customs of our nation, or against the customs of our fathers, yet the people of Jerusalem delivered me captive into the hands of the Romans."""
375,"In the Screen mode, the colors are first contrasted and then multiplied and divided and complex."
376,I select the Scale tool and save the aspect ratio. I will pull the Scale window from the section.
377,Boy displays compassion in them.
378,Devotees of Krishna do not bow down.
379,One lesson assignment:
380,"Lord said, Durgabhwat: Rama's name is like a thousand name."
381,The human body has primal limbs.
382,"In Categories, select Java."
383,"""Am Guruvar, this is a circle map of the earth."""
384,"""And give not unto the Gentiles the holy things, and cast no freehold before the wolves: lest they cast them out, and they shall trample them all on their feet, and you in turn, and they shall deliver you."""
385,"As we can see, this condition creates confusion."
386,Let us see what happens if n is equal to 0.
387,"For self-examination,"
388,"To see the return, select Start Date and End Date of the exchange."
389,There is fire in the form of energy all over the world.
390,Now I will measure the image.
391,The Create Table dialog opens.
392,Boy displays modesty.
393,Who are around you?
394,But a static method can only access and modify static variables.
395,"""In this Vedas, more milk is given to rice with the help of prayer and knowledge."""
396,"Here, another indicates that we want to run Apache instance."
397,We see a square handle and a circular handle on the image.
398,Now let us learn the difference between instance method and static method.
399,"""For their hearts were hardened, so that they could not eat and drink."""
400,Here you can see Created With GIMP and Loop forever.
401,His name is Villamacharya.
402,He will eat only the fruit.
403,"From the Folder drop down menu, select Bookmarks toolbar."
404,This is our header file stdio.h.
405,Mixed
406,You have visited the country.
407,And it is not less than 40.
408,Halstein friesian - This is a sweet-green cow.
409,"""But death reigned from Adam till Moses, even over them that sinned not, for the transgression of the first man was a sign of the coming man."""
410,"But you can also control sharpening if you do it yourself using GIMP. In this tutorial, I will show you how to do this."
411,Let us change the header file 'stdio.h' to 'iostream'.
412,This is a chariot.
413,You are the spokesperson.
414,"James, and Andrew his brother; Philip, Bartholomew;"
415,Some healthy adults tremble at most six times per minute.
416,And type the file name as ST-CD-label and click on Save.
417,"""We speak as though we were weak among you. But as a fool I say, if any man boast, he shall boast also of me."""
418,Click on the Calculus course. Scroll down to see the details of the course. Click on Enrolled Users.
419,"For God gave them over to lust, and their wives made their husbands asunder."
420,Do not create the main class but set it as the main project.
421,Then click on Add random question button.
422,There are devotees all around the temple.
423,"In this tutorial, we will learn how to set Global System Preferences to customize Library OPAC."
424,"Next, let us see what the Status bar does."
425,"""I charge you to be circumcised, that through the mercy of God the Gentiles may be declared righteous, even as it is written, I will rise before the Gentiles to give thanks unto thee, O God."""
426,1. What other name is Nutrition?
427,The yogi searches for God everywhere.
428,"""If I had not come and spoken to them, they would not have sin; but now they have no excuse for their sin."""
429,Lesson: Questions
430,"From the drop-down, I will select Author (A-Z)."
431,There is also a need for accommodation for a single peacock.
432,Endure hardship as a good soldier of Jesus Christ.
433,"""And it came to pass, as they cried out to one another, that he came to them, and desired to make peace with them, saying, Lord, why do ye wrong one another, and your brethren?"""
434,Your assignment should be:
435,"Now, let us use this command."
436,The Spoken Tutorial Project Manager conducts workshops using spoken tutorials and gives certificates to those who pass.
437,"Function call by value ,"
438,Prana Asana is to lie down with the force of the abdomen facing downwards.
439,You can open your own shop or you can take over from the textile industry.
440,"Which means, the script overrides the tables."
441,The teacher teaches everything.
442,It is not that the word of God has failed; for not all who are of Israel are truly Israel.
443,System.out.println(n); then increase to n = n + 1.
444,Who shall accuse the elect of God? Is he that justifieth them of God?
445,Stretch the top of the thread and bring the thread back to the same place at the bottom.
446,"And they crucified him, both his left and his right feet."
447,Who killed the boy?
448,"""And the Lord said, Simon, behold, Satan has sought you out, even one called Titus;"""
449,Change the lane spacing to 1.50
450,"""For out of the midst of men there is evil in their hearts fornication,"""
451,"Press CTRL, ALT and T keys to open the terminal."
452,We have to do.
453,The other code is provided by our switch.c program.
454,The next tool is called Intelligent scissors or Scissors selection tool.
455,The sick man came to him and was healed.
456,Bhishma comes looking at the Ganges.
457,E267 is the value of Employee ID and 10000 is the value of Employee salary.
458,"""When he looked in, he saw the clothes lying there, but went not in."""
459,Log out from your current session as Database administrative user.
460,He learns Sanskrit.
461,"In this tutorial, we will learn about the various Asanas."
462,"""Asanas to be performed with the back as opposite to Karani, Saranga Sasana, Svasana, Halasana, Matsyasana."""
463,"You may be familiar with HTML and if not, please visit our website for relevant tutorials."
464,"In the next line, type else and open the flower bracket and press Enter."
465,Those are golices.
466,Fingers of all kinds will serve your needs.
467,Note that our file name is pointer_demo.cpp.
468,"Take my yoke upon you, and learn of me; for I am gentle in spirit, and humble in spirit: and ye shall find refreshment for yourselves."
469,We are now in the Teachers dashboard.
470,"Now, in the Price before Tax field, I want the Price to be 48.000."
471,Note that the servlet is similar to any other Java room.
472,We will use this keyword to call from one constructor to another.
473,I will expand the grid line with the addition of sliders and it will appear soon.
474,My third wish is to give me self-knowledge.
475,"""For I will go away, and evil wolves shall enter into your midst, and shall walk with feathers unto the swine."""
476,Double-clicking on the logo enables us to open Inkscape.
477,I am no longer worthy to be called thy son: make me thy servant according to thy word.
478,Who was Kalidas?
479,"To do so, type the command in the terminal and press Enter. We have the desired output."
480,"Do not for a food destroy the work of God. All things are pure. But it is not good for a man to eat, lest he be defiled."
481,I will place the torch in the class.
482,"""Lichvi king Bhaskarvarma, the conqueror of the Huns, Yashodharma, Sri Krishnadevaraya (the great king of the Vijayanagara empire), Lalitaditya (a great warrior)..."""
483,Metal cutters are more durable than plastic cutters.
484,This is a summary of the Spoken Tutorial project.
485,We have written the code to reverse the string. We have given it the name reverse.awk. Reverse function is used to reverse the string.
486,"""And he that is contrary to all that God hath, and that is worshipped, shall make himself God, and shall sit in the temple of God, and shall be a destroyer of sinners."""
487,Yoga is destroyed for the following six reasons.
488,These are created using the same commands given in the original file.
489,"""And when the Jews that were with her in the house comforted her, saw her rise quickly and go out, they followed her, saying, She is gone to the sepulchre to weep there."""
490,"""A little while later another saw him, and said, Thou also art one of them. But Peter answered and said, I am not."""
491,Rage maker and maker of raging demons.
492,Useful
493,Calms your mind when you are angry or tired.
494,The story of the play should be written from the perspective of the relevant events.
495,"""Here is an indication of an Indian medicinal plant which can be planted in your own house, which can be planted in your own house, this tree also makes the house a positive plant."""
496,"else if conditional-expression2 is true, then perform action 2."
497,Makarana can also be called crocodile pose in English.
498,Drag the carbon to the left.
499,What did Rama do to convince Sugriva of his powers?
500,Boy displays respect in you.
501,This is called malnutrition.
502,We also need to define the move() method.
503,"When it was evening, the Twelve and those with them came to him."
504,You all play.
505,Observe the output. We have recovered the original sequence of indices.
506,Look at a small triangle on the left side of it.
507,"Let us summarize. In this tutorial, we learnt about:"
508,The commands can be in a single line or multiple lines and they are different using white space.
509,"To set up user accounts,"
510,It says that you have seen your previous color one or more times.
511,Identify instance variables and static variables.
512,"""Then Peter answered and said unto him, Explain this parable unto us."""
513,"""There is only one God Vishnu who is supreme, He is the all-soul, the all-consuming, the all-pervading, the all-pervading, the all-pervading, the all-pervading, the all-pervading, the all-pervading, the all-pervading, the all-pervading, the all-pervading, the all-pervading, the all-pervading, the all-pervading, the all-pervading, the all-pervading,"
514,"""And the Lord said unto him, Who then is a wise and faithful man, that the Lord may give bread to his household in due season?"""
515,Skill: One who is skilled in all kinds of tasks.
516,The arrow is to move the category up or down. This is a menu and has the gear icon settings. This is indicated by the down arrow.
517,"""He said unto him, Be thou honoured: for I will send thee far away to the Gentiles."""
518,Do not pollute the sky or the air.
519,Always click on the help icon to prioritize any field that has a guess.
520,This has opened the door to oxygen in the air and the development of many types of organisms.
521,Asanas are classified as follows.
522,Ach is the name of Swaraksharana.
523,"""In a relaxed posture, chant the mantra, feel the vibrations in the body."""
524,Add and delete the nodes for editing.
525,Sri Krishna solved the problem of the Pandavas.
526,I will leave it as 1.
527,Sri Krishna places Arjuna's chariot between the two armies.
528,It is commonly called isoprene.
529,You all heard the story.
530,Those two are cows.
531,Go to the toolbar and click on Apply button.
532,Right-click on the layer and select the Flatten image.
533,Then print the reverse components using a built-in method called reverse complement of the sequence object.
534,"In the same way as in the equations, you can create brackets and use them according to the context."
535,Click on Fill in correct responses button. This will help you to see the correct answers to the questions and options.
536,"who have learned to be zealous in good works, that our people may not be idle."
537,"""But store up for yourselves treasures in heaven, where moth and rust do not destroy, and where thieves do not break in and steal."""
538,We have the minus c option.
539,Boy displays affection in that.
540,"Knowing first of all that in the last days there shall come scoffers, disobedient to their own lusts,"
541,"""And the city hath no need of the sun and moon to give it light: for the glory of God lighteth it, and the Lamb is its lamp."""
542,This will increase your energy. Exhale slowly and focus on the energy while inhaling.
543,"If we do not include any image in the logo, the Short name will also be used as the logo text. We will keep it as it is."
544,"""And he began to confuse the villages, saying,"""
545,Boy displays respect in these.
546,"And the day of fasting was come, and the sabbath day."
547,"Now, let us demonstrate the allocation of static variables with an example."
548,"Bhandh literally means ""planning"" or ""meeting""."
549,It removes eye allergies and increases the brightness and concentration of the eyes.
550,We have defined a constructor with two parameters.
551,It helps to increase blood pressure and helps in curing heart disease.
552,"So, type public void showData( ) and within brackets, type the following code to print id, name, branch and the number of students enrolled."
553,Practice sitting on the base.
554,Sita also left the royal garment.
555,"Now, let us initialize the fields of the second object."
556,6.5 How do new plants grow?
557,Is there a need for a blackboard?
558,Let us switch to GreetingServlet dot java.
559,It is said that the juice of water is placed in the sun.
560,"To proceed, we have to create a database for FrontAccounting."
561,Note that we have not initialized the value of x. Awk initializes the initial value of x to zero.
562,"The one who calls you is faithful, and he will do it."
563,"So, let me open it."
564,You all know the fabric.
565,"As the image gets darker, I adjust the opacity absorption."
566,Deposits can be given to customers through miscellaneous cells etc.
567,The keyboard should be on top of J.
568,He is not a soldier.
569,"And forgive us our trespasses, as we also forgive them that trespass against us: and lead us not into temptation, but deliver us from evil."
570,Let us start with the back of the string.
571,"To use these options, check the check-box next to the subcategory to be dragged."
572,The Spoken Tutorial team conducts workshops using the same tutorials. Those who pass an online test also get certificates.
573,It is a state of being free from all thoughts or peace.
574,Here is a program.
575,The village of this village is visible.
576,Write four points for cleaning the nostrils.
577,"""Then he put his hands on them, and departed from that place."""
578,4. One of the seeds is white which comes out from the root.
579,"Create, delete, modify data and finally"
580,"""As zeal for the gospel of peace, be your feet in subjection."""
581,Here std is the namespace where the entire standard C++ library is declared. Now press Enter.
582,See the details here.
583,May peace be with you all.
584,These are two papers.
585,Flowerblades. The flowerblades are sitting in the wrong position.
586,Type the file name as welcome.
587,"Similarly, we can assign Students to the course."
588,What do you eat?
589,The quality of the sky is the word.
590,Click on the Add button under the Activity Chooser.
591,Then click on the Enter Payment button at the bottom of the window.
592,"The Table environment is floated, so don't add it here. Add it directly."
593,and display the converted temperature.
594,Create a class named Welcome there.
595,There are two attachment buttons.
596,We also learnt about the usefulness of layers.
597,An SMS message is sent to your phone.
598,"Similarly, we will learn to parse data files using functions in the sequence input-output module."
599,You can see that the image is the opposite now. I will reduce the opacity to 50%.
600,Come back to normal condition with full breathing.
601,Yeti returns to Sanskrit.
602,You see another value in your interface.
603,Zoom in and click on the star once.
604,"But over time, the nature of the industries will also change."
605,Milk comes from cows.
606,Main is a special function.
607,"However, the date can be edited."
608,It sends the same message to all the selected pupils.
609,"After reading this lesson, you will learn:"
610,"In the Password text box, enter the password you want."
611,"Immediately, the recording software creates a movie."
612,This is a success.
613,The tutorial has been recorded using the highest resolution to help with the tools used in the tutorial.
614,"As always, I record it to 800/600 frames and reduce it to 640/480 frames and this way it works on Apple TV."
615,Boy displays fondness in these.
616,Squeeze the hole inside and out.
617,"And it also provides some privacy options to fight against malicious web pages, spyware, viruses, trojans and other malicious activities."
618,"It is also known to be a health-promoting, immunosuppressive and medicinal product."
619,The output is updated.
620,All the sounds in alphabet are derived from Shiva's Dhakata.
621,This one knows this.
622,The king did not emulate the success of Dilip.
623,XAMPP services were started before FrontAccounting interface was launched.
624,This statement prints the address of the variable num.
625,You all sit down.
626,"""Verily, verily, I say unto you, He that believeth on me shall also do the works which I do; and greater works than these shall he do, because I go to my Father."""
627,And he that is in the field shall not go back to take his garment.
628,The student knew mathematics.
629,The Indian science of chanting shlokas or mantras is the oldest in the world.
630,I have used Moodle 3.3 and Firefox web browser. You can use any web browser of your choice.
631,Plants water the soil from their roots.
632,This file is saved in your home folder as HIV_geneseq.fasta. Click Enter.
633,You bow.
634,The mind with restraint takes care of the present soul.
635,You all worship.
636,"""Hans can be represented with the goddess of knowledge, wisdom, study of music and art, Prasarva."""
637,"Have I set you free, because I speak the truth?"
638,"Now, let us see how to execute the same program in c++."
639,Click on the GL Account Classes link on the Maintenance panel.
640,"""This is how God spake unto the world, that he should bring him into the world, that whosoever believeth on him should not perish, but have eternal life."""
641,"To record this tutorial: Ubuntu 11.10 Operating System,"
642,Let me name it Account balance.
643,Change the default drop-down to Home Folder.
644,"He saw the garments wrapped around his head, and the clothes on his head, lying in a separate place."
645,"To follow this tutorial, you should have a background in Library Science."
646,"""He whom ye delivered up, according to the counsel of God, and the counsel of God, whom ye took, ye crucified him, and delivered him into the hands of wicked men."""
647,Mountains were chanting.
648,Maharishi Chaivan was an Indian Vedic sage.
649,This was the place where they all met.
650,Examine the performance of each of the steps prior to expansion.
651,"To receive books and audio printers, please contact your central connector."
652,"In the course, we will learn how to create a group and send messages and notes to students."
653,"""Insects such as beehive, peacock, peacock, mosquito etc. are examples."""
654,The proper seed mantra is also chanted with the names of the sun god.
655,This opens the File Browser window.
656,Specify the question in minutes and seconds. Anybody on our team will answer the question.
657,Click on Show Layer Mask.
658,Trakta is the practice of focusing on a particular eye point.
659,Droni is used for irrigation in gardens.
660,You can use the terminal and
661,FrontAccounting interface opens up.
662,But it should not be used for teachers and students from other users.
663,"In this tutorial, we will learn about different types of functional time. These are:"
664,"""Many machines have been made by humans over time, but the machines made by nature are useless."""
665,"""When did we see you a stranger, and enter into our house, or naked, and welcome you?"""
666,The first data is in the zero index.
667,Click on Edit in the Menu bar and then on Preferences.
668,"Before moving on, make sure that you have completed this tutorial."
669,"Verily I say unto you, It shall be more tolerable for Sodom and Gomorrah on the day of judgment than for that city."
670,"To save the file, press Ctrl S and run the program."
671,"Philip was from Bethsaida, the village of Andrew and Peter."
672,Now let us change it to enumerate.
673,"Jesus knew their thoughts, and said unto them, Why do ye think in your hearts?"
674,"""That is, scripture commands that the younger brother should not reign before the elder brother. So, you are worthy of the king, but Yashvins very pleased Rama's generosity is true."""
675,It helps in normalizing the breathing rhythm and helps in maintaining the rhythm of the breath.
676,Noise water is used.
677,"In this tutorial, I am going to learn about Gimp and its features."
678,"""And they laid their clothes on the back of the colt, where Jesus was, and mounted him."""
679,For they that minister well obtain honour and glory in the faith which is in Christ Jesus.
680,It goes from the brain to the end of the spine.
681,Here is your assignment: Add a new subcategory 2nd Year Maths in Mathematics. Remove the category Miscellaneous.
682,"Inhale, place the weight on the chest, raise the head and lie down."
683,Keep the neck aligned with the back.
684,Basic is enough.
685,Go back to the terminal.
686,Let us move the mouse value inside the box and keep it there.
687,And four common errors that are possible and how to fix them.
688,"Type ""cd space slash user slash bin""."
689,"""And when they had eaten, Jesus saith unto Simon his father, Simon, son of Jonah, lovest thou me more than these? He saith unto him, Verily, Lord, thou knowest that I love thee. He saith unto him, Feed my sheep."""
690,"I go to File, click on Save As and change the spread extension from tif to jpg (JPG)."
691,Why is hygiene important to humans? Write four reasons.
692,"ii. To cleanse the skin, you should do.................."
693,I will come up with different ideas.
694,Two days later came out of the zoo.
695,Boy displays trust in you all.
696,I will add one and explain it later.
697,Father and grandmother chanted the name of Krishna.
698,Bend the right leg at the knees and sit on the buttocks.
699,"""And when he had looked round about at them all, he said unto him, Stretch out thy hand: and his hand was restored, as it was."""
700,"""But when Jesus had spoken with him, his disciples came, and entreated him, saying, Dismiss her, for she cries out after us."""
701,This is a daily assignment where you will get useful information.
702,"Here, we will execute a query to delete the book that has been returned from the entry Checkout table."
703,"""They love the chief places in the synagogues, and the chief places at banquets;"""
704,What if we want to delete a folder containing multiple files and subfolders?
705,She does not want compensation.
706,She loves more flowers like this.
707,Status of Marichasana: One who is called Dandasana.
708,"""Not one of them shall eat of them."""
709,Boy has respect in me.
710,Click on Create a new question button and double-click on the Short answer option.
711,The selected atoms are displayed in blue.
712,"As you can see, the physical conditions of the earth are changing and the development of organisms is being affected."
713,"We also pray for this grace, that we may see your words, and fill up what is lacking in your faith."
714,It is also important to provide food in the light of social values.
715,"""Unless I put new wine into a new bottle, I put no more wine into a new bottle."""
716,"Immediately, the download starts. Click on Save File button and click on OK button."
717,"We speak the secret wisdom of God, which was hid in a mystery, which God for our glory ordained before the ages."
718,The success message is displayed.
719,"""And say, If we had lived in the days of our fathers, we would not have taken part in the slaughter of the prophets."""
720,You both may speak.
721,"Some common applications like Calculator, Text Editor, Terminal, Firefox Web Browser, Videos and the LibreOffice Suite components and the Home folder."
722,Note that the response.jsp file appears under the index.jsp file in the Project window.
723,The Spoken Tutorial Project Manager conducts workshops and gives certificates for passing an online test.
724,3. How is urine produced? What substances are present in urine?
725,"Here, I will return the value to 8 for b."
726,This article is contributed by Priyanka Maha Bhaga.
727,Compile as before.
728,"So, here, these brushes can be used to encrypt a fake water colour or to frame an image."
729,Focus on conscious breathing or Pranayama.
730,Exercise repeatedly and inhale loudly throughout the body.
731,The children heard the story.
732,Some of these are good and some are bad.
733,The structure of the cell can be called centering.
734,"""And when they were there many days, Festus informed the king of Paul's cause, and began to speak: and Felix left Paul a prisoner bound."""
735,"It is made of iron, steel, iron, aluminum etc."
736,Boy displays fondness in them.
737,"""After digesting a meal, when a person goes to eat next to him, it is called digestion."""
738,It is difficult to understand Geeta as a sage.
739,Rakhyan: One who is the protector of the tribes.
740,For the law of the Spirit which giveth life hath delivered me to the law of sin and to the law of death in Christ Jesus.
741,Raise your legs as far as possible and raise your legs. Move the body as far as possible.
742,I will delete the details as I do not need authentication for my proxy.
743,The vampire called for mantya war.
744,"""Yes Guru! I know this is normal."" Gopal replied. He said."
745,Enter your admin password and click on the Authenticate button.
746,"Now, let me talk about declaring a string."
747,Now let us change the opacity of the arrows.
748,Now let us call the method in the main method.
749,Type: grep space minus i spacewithin double quotes ankit space saraf after the double quotes space grepdemo.txt
750,"If not, please visit our website for relevant tutorials."
751,Locate a zip file that is around 30Mb and click on Open.
752,Step 4 - Four legs dancing
753,The error indicates that we have to give an implementation to the Animal interface.
754,"""But if any man stumble one of these little children which believe on me, it would be better for him to be bound with a twig and to be baptized into the sea."""
755,"""And Judah of Samaria conceived Perezerah, whose son was Hezron, whose son was Perezerah."""
756,"To do so, a window called Save File opens which tells us to fill in the File name."
757,The works of poets are poems.
758,"""But Paul answered and said, I stand before Caesar's judgment, where I ought to be judged: I have done the Jews no wrong, as thou knowest thyself well."""
759,"""And the people stood, and their rulers exclaimed, This man saved others: save thyself now, if he be the Christ of God, the Chosen One."""
760,They conquered the country.
761,Veeta has the following characteristics:
762,"Using another handle, we can resize and rotate the star."
763,Course category is set by the admin.
764,Now type: ls space -l space example1 and press Enter.
765,Some area code shapes appear. Click on the triangle and drag on the canvas. Type Kaiser and remove the Stroke.
766,Bend the fingers together and align the head and trunk.
767,"If any man examine himself, he shall be an object of the Lord's service in every good and honourable thing."
768,For he that hath not the Spirit hath not the Holy Ghost: and he that is holy is Christ.
769,It creates a declarative region and defines a scope.
770,Benefits and Harm of Bacteria
771,"Before the advent of sewing machines, sewing machines were used for sewing cloth."
772,The leaves give insects their colour and the females give birth to females which go to the females and give fruit to the flowers.
773,"""And the king answered and said unto him with oaths, Whatever thou sayest, I will do unto thee."""
774,"After this tutorial, you will be able to complete your drawing and praise yourself."
775,"Now, let us start the present lesson."
776,We can see that the home page of Glassfish Server is visible.
777,Click on the mouse link for the details of the hyperlink address.
778,Now I have learnt a good method to get the color index.
779,Let me configure the CD design layer.
780,"and for the blood of the Lamb, and for the word of their testimony: and they have not despised him, neither have they loved him, and have suffered death to die in their hearts."
781,Run the code. Run the protection.
782,Keep the palms on the ground close to the legs.
783,Now I will click on Scale and get the image that is measured.
784,"If the default option is not selected, select Default for Calculus."
785,"11 and Raju in the original sent to the constructor. So, here it is."
786,"Now, click on the button next to this field."
787,Then start the lesson again.
788,Girls want entertainment.
789, The age must be a positive integer.
790,"In this case, it should be shown as zero because there is less use here."
791,And the seven angels that had the seven trumpets went forth to blow them.
792,I will get a good grade.
793,Now we will learn how to use this keyword.
794,I know the book.
795,"Based on this tutorial, the Spoken Tutorial team conducts workshops."
796,"When they had accepted them, they received the letter from the church at Antioch."
797,"For more details, please visit the following link."
798,"""Thou teachest others, teachest thou not thyself? and preachest forbidden things, and stealest thyself?"""
799,"The General menu has two sliders, Quality and Fog."
800,Please do not ask unrelated questions. This will not cause confusion and confusion.
801,"And if they shall not stand, they shall also be planted: for God is able to plant them again."
802,Click on Save.
803,"So they let Jason and his companions go, after they had borrowed money."
804,It helps to create different quizzes for each academic year or for different subjects.
805,A number that represents the same PID as the existing shell.
806,1. Asana supports the development of the person.
807,"If so, please refresh after a while."
808,I wrote a Sanskrit song.
809,Asanas to be performed with the abdomen: Makarasana 1
810,"Here, the file ABC is in the XYZ file."
811,"This is because, if you change any method to final, you have to override it."
812,"""There are talents, but the best ones are far from the show."""
813,Now enter the password and click on login.
814,"Now, let us look at the URL."
815,"Above the Background layer, I will make a copy of the original."
816,"Here, the first layer is to create a sequence record object."
817,He received gifts from the gods.
818,Ancient Indians knew about the disease of rice.
819,For it is hard for a man to lay down his life for a good man: but no man lay down his life for a righteous man.
820,"Again, click on the Account Description drop-down box and select the Capital option."
821,"If the errorMsgs list is not empty, we will display the errorMsgs in the addUser dot jsp."
822,Now click on Save.
823,What shall we say of our father Abraham in works?
824,You can see that we are using only the default keyword.
825,"For more details, please visit the following link:"
826,Again Antialiasing is for soft regions.
827,"However, on this page, Tag number 010 does not appear."
828,Right-click on the Sample.java file in the Projects window.
829,Let us learn how to reconcile a Bank Account.
830,Boy has faith in you all.
831,"To start a read-only variable, we will use the keyword const."
832,"To record this tutorial, I am using: Ubuntu Linux OS 16.04 and Koha version 16.05."
833,"He is not required to offer sacrifices day after day, first for his own sins, and then for the sins of the people, as the chief priests. He has done this only once, when he offered himself."
834,"""And if Satan cast out Satan, he is divided against himself; how then shall his kingdom stand?"""
835,Click on Go to receipt page.
836,"""And when he was done, behold, there came a man running, and worshipping him, said, Good Master, what must I do to inherit eternal life?"""
837,"If you do not receive any error message, know that Biopathane has been installed."
838,Then go to the tab 245 TITLE STATEMENT.
839,"""But I consider him not worthy to suffer, nor to lay down my life, that I may receive this service from the Lord Jesus, to bear witness of the gospel of the grace of God."""
840,"We declare ourselves to be servants of God, praising God for our communion with men of good reputation."
841,Now the space here is dark and this white colour is probably too white so I will pull it down.
842,"""And when the people saw that they were departing, many knew him, and went out of their cities, and went before them unto Jesus."""
843,"Sometimes, the log file does not show the orbital details."
844,Enter your username as Su and press Enter.
845,"When you finish typing, check the Correctness field. This will show your typing accuracy."
846,"Now, let us look at the laptop."
847,Move the body from the knees to the soles of the feet in right and left directions i.e. the direction of the clock needles and the opposite direction of clock needles.
848,Scroll down and click on Save changes button.
849,"May the goddess Medaja, who bestows compassion and glory on us, Saraswati, come to our side."
850,The need for this is strengthened.
851,But it doesn't look good. So change the decimal point.
852,"Now, delete the format specifier."
853,People call Saraswati the voice of the goddess.
854,Yajapati: One who is the master of Yajas.
855,"Click on Save. First, we will convert the header file to iostream."
856,Boy displays friendship in them.
857,The code is written in the awk BEGIN section.
858,"In the course page, the Forum name appears as a link to the forum."
859,We will add another block. Click on Add a block menu on the left.
860,"Coming up, the Unit penalty field will be 0.1. So I will do 0.5."
861,Suktama: One who is endowed with the power of beauty.
862,"To add a DNA molecule, go to the Build menu next to Insert and click on DNA/RNA in the sub-menu."
863,There are many Tabs in the Preference Window.
864,Settings on the visiting card
865,Please use both the commands and see for yourself.
866,Will you listen to music?
867,Details on the download.
868,They may place their hands on the head but it is important to note that the hands do not touch the head.
869,"Let us summarize. In this tutorial, we have learnt the following topics."
870,"If not, add some errors with logic or algorithm."
871,"In the case of work-related issues, the scriptures are proof."
872,"""And when they had measured the water, they saw that there was water in the river, and went a little further; and when they had measured the water, they found there was water more than twenty feet."""
873,You will also learn how to type the blank page view every time you type.
874,"In Moodle, there are various plug-ins for teachers and site administrators."
875,We get the output as We have successfully run a java program.
876,"Given two equal numbers, we get 1 integer in the chest."
877,What flower?
878,Bhrastram - This pot is used to digest most of the eggs.
879,The Surfaces Settings dialog box opens. Drag the slider to adjust the opacity.
880,"And when all the people saw that Jesus was gone out to meet them, they beseeched him to come into our borders."
881,Fill in the blanks below with the correct words.
882,We will now log in with username Bella and password.
883,Fill the air in the right place and place the head on top of the inhaler.
884,This URL is based on the number of ports and the domain name provided by sys-ad during the installation process.
885,It is rotated to 90 degrees.
886,Click on the Home folder.
887,"""But woe unto you that are rich! Be glad: for ye shall be filled, and ye shall be filled."""
888,You can access it by right-clicking on the connection node.
889,Natarajo is also a name of Lord Shiva.
890,Some of the important elements of vegetarian diet are found in various sources.
891,"For God hath not appointed us for wrath, but for salvation through our Lord Jesus Christ."
892,"""And he said unto them, What question do ye go out to one another?"""
893,Agrahyah: One whose functions are not perceived.
894,He was the first man to appear and become very bright. He gave birth to both body and body after birth.
895,Arjuna is here.
896,May the God of peace be with you all. Amen.
897,"Now, close this Firefox window."
898,"And when the chief steward cometh, ye shall receive a crown of glory, which shall not tarnish."
899,"So, here we are with the figure and the guide idea. We come to the end of the document."
900,Then they sat down and gave him food.
901,Children will wear new clothes.
902,The rotation of the earth is completed in 365 days.
903,"The selected course is displayed on the same course assigned to it, namely Admin, Course creator, Teacher, Manager."
904,Rama Lakshmana and Sita sought far away but they could not find Sita.
905,Food gives strength to our body.
906,The activity of joints is very important.
907,3. Nasika - There are various types of odor-specific messages from nose to brain.
908,Soldier exits.
909,"So, I will select a different colour from the background colour. What is it here?"
910,The Spoken Tutorial team conducts workshops using Spoken Tutorials.
911,"""The purpose of this practice is to introduce you to the three different components of breathing (abdominal, pelvic and elbows) and to incorporate them into full yoga practice."""
912,"With this, we come to the end of this tutorial."
913,These options are similar to those found in other word processor applications.
914,We have successfully installed XAMPP server.
915,Increase the pressure in the eyes.
916,"For every one that feedeth on milk is an infant, and not in the word of righteousness."
917,"So they went and saw everything as they had been told, and prepared the Passover."
918,Mooney leaves his family.
919,Letters in perspective
920,Exhale and bring the left leg forward next to the right leg and reach down with your upper body and touch the forehead to the knees as in step 2.
921,Let us go back to the terminal. Let me clear the prompt.
922,"Here, dollar 1 indicates the first field, i.e. roll number. The value is dollar 6 multiplied by zero point 3'. Dollar six is the stamp value."
923,Students watched the play.
924,"To do so, go to the top right corner. Click on spoken tutorial library. From the drop-down, click on Log out."
925,"""That when I come again, I may bow down to my God, and see them that have sinned before, cleansed themselves of the fornication, and repent not of their fornication."""
926,I will leave them blank.
927,Answering questions 8.3
928,"(hash) #include, space, opening angle bracket, closing angle bracket."
929,"So, I will go to Filters >> Enhance >> Sharpen, respectively."
930,Click on Stop to stop the auto optimization action.
931,3. Varahmihir
932,The Spoken Tutorial project is part of the Talk to a Teacher project.
933,It tells us to give write permission to the directory.
934,Export the file in eps format and watch it.
935,Now I want to talk more about Paintbrush and how to select brushes to paint.
936,Naikamay: One who possesses many Maya.
937,Which cause I glory in God in Christ Jesus.
938,You are an Archangel.
939,"To that, we have the Birthday option."
940,"""But Jesus said unto them, A prophet is without honour, except in his own country, and in his own house, and in his own house."""
941,"""And I saw, and behold, there stood a white horse; and the devil followed him, whose name was Death: and to him was given power over the fourth part of the earth, that they might kill men with the sword, and with pestilence, and with pestilence, and with wild beasts."""
942,iv. Pramastiskana
943,"We have started well with the cropping of the image. In the next tutorial, I will show you what can be done with the image."
944,Go to the terminal and clear it.
945,"Now, let us come back to the slides and learn about the main function."
946,"""Bhakti influences joy, divine exultation, peace and knowledge."""
947,"Those who preside over the church are worthy of double honour, especially those who labor in the word of God and in teaching."
948,"You see that man is justified by works, and not by the faith of doubt."
949,"""When Paul had finished these things, he made up his mind to go up to Jerusalem through Macedonia and Achaia, saying, When I shall be there, I must also see Rome."""
950,The output is displayed in GC content percentage.
951,It looks like a new thing.
952,Note that all C files have .c(dot C) extensions.
953,Sadgati: One whose speed is the best.
954,"So, I select the Clone Tool and resize the Brush."
955,"""That in him all things might be manifested unto the chief angels and rulers in the heavens, in the church, in the diversity of the wisdom of God."""
956,Hard leaf is a small tree growing to 6 meters tall. Its leaves are parallel and 10-12 in number.
957,"As a result, we see Hello Space World."
958,"In the prompt, type the date space plus percentage symbol as small as h and press Enter."
959,"May the Lord have mercy on the household of Bernicephoros, because he has often shown me kindness."
960,Browse the path of the following folder.
961,Ubuntu Linux OS is characterized by having multiple workspaces or desktops.
962,"In the new window that opens here, type the username you want. I want the username as frontacc."
963,A message appears at the top saying Journal entry has been entered
964,Search for the displayed image.
965,"And through him we have obtained a new covenant, not of the written covenant, but of the Spirit: and the written covenant is death, but of the Spirit is life."
966,The level field data now appears as 2.
967,"It works on Linux, Mac OS and Windows."
968,---Add the audio @02:32 from the tutorial nstallation of FrontAccounting on Window OS timing 08:10 to 08:30---
969,The following five trees are famous for their divine qualities and their relationship with God.
970,"""Behold, I have given you authority to trample on serpents and scorpions, and all power, and nothing shall hurt you."""
971,Inhale without any pressure. This inhalation should be filled normally.
972,"""Did ye not read, that a man shall leave his father and mother, and be joined to his wife; and the two shall become one flesh?"""
973,"""And Zacharias said unto the angel, How shall I know this? for I am an old man, and my wife is old."""
974,"So, here we will list only the changes."
975,"If the student wishes to have their status automatically, fill in the fields in this section."
976,"In the Home page, click on Cataloging."
977,'while' loop
978,The output of the ls command serves as the input for the wc command.
979,"To connect a printer to a computer,"
980,"""And the rest of the people went to sea, either by wood, or by vessels; and they all fell to the ground, and died."""
981,"If all the conditions are false, the last Else section will be executed."
982,Select MMFF94 Force Field and click on the Start button.
983,Bhutakar: One who is the creator of all beings.
984,"A file has a single name, multiple names, administrative details, date of creation, date of modification, etc."
985,There are three qualities of fire words - touch and form.
986,"In Coordination Compounds, we learnt about geometry and nano-tubes."
987,This prevents the heating of the machine.
988,The nostrils are in both eyes.
989,"In Bcc, we will enter stlibreoffice@gmail.com and info@spoken-tutorial.org."
990,"Here, the first field is roll number and the sixth field students are stamped."
991,This tutorial on Blocks in Admin's Dashboard explains how to add and remove blocks.
992,"""Many ancient Indian texts give guidelines for the health and safety of cows."""
993,"""Among whom also ye are called in Jesus Christ, being of the Gentiles ambassadors of faith,"""
994,Exhale deeply and exhale out loudly.
995,"""Before the cock crows, thou shalt tread on me three times. But Peter, when he had cried out to Jesus, went out and hid his face."""
996,The patient gives thanks to the doctor for the treatment of the disease.
997,"""Nathanael answered and said unto him, Can any good thing come out of Nazareth? Philip saith unto him, Behold it."""
998,"And, I pull it on the toolbox. It's here."
999,"The edit, hide, duplicate and delete settings of the resource are available at the following link."
1000,• Expand the body slightly and close the eyes completely relax the body.
